{
  "Component-dbg.js": 1559850628911,
  "Component-preload.js": 1559850629021,
  "Component.js": 1559839812000,
  "annotations/annotations.xml": 1559839812000,
  "di.code-validation.core_issues.json": 1559850628351,
  "ext/controller/ListReportExt-dbg.controller.js": 1559850628911,
  "ext/controller/ListReportExt.controller.js": 1559839812000,
  "ext/controller/SourcingLogic-dbg.controller.js": 1559850628911,
  "ext/controller/SourcingLogic.controller.js": 1559839812000,
  "ext/view/GeneralInfo.fragment.xml": 1559839812000,
  "ext/view/SourcingLogic.view.xml": 1559839812000,
  "i18n/ListReport/ZC_SD_UNCONFITEM/i18n.properties": 1559839812000,
  "i18n/ObjectPage/ZC_SD_UNCONFITEM/i18n.properties": 1559839812000,
  "i18n/i18n.properties": 1559839812000,
  "manifest-bundle.zip": 1559850629201,
  "manifest.json": 1559850628431,
  "neo-app.json": 1559850629051,
  "util/formatter-dbg.js": 1559850628911,
  "util/formatter.js": 1559839812000
}